score,steps_to_apple
1,10
2,11
3,11
4,12
5,12
6,14
7,13
8,15
9,15
10,12
11,18
12,17
13,18
14,20
15,20
16,17
17,20
18,23
19,16
20,16
21,26
22,21
23,15
24,28
25,26
26,24
27,30
28,26
29,32
30,20
31,19
32,29
33,20
34,33
35,32
36,19
37,36
38,23
39,38
40,36
41,37
42,28
43,41
44,39
45,27
46,39
47,31
48,47
49,47
50,22
51,29
52,50
53,49
54,43
55,38
56,24
57,24
58,49
59,51
60,48
61,36
62,33
63,46
64,24
65,38
66,58
67,62
68,28
69,25
70,58
71,65
72,63
73,59
74,29
75,56
76,51
77,29
78,65
79,63
80,35
81,55
82,42
83,40
84,52
85,68
86,29
87,63
88,77
89,72
90,52
91,53
92,40
93,54
94,43
95,36
96,37
97,65
98,78
99,30
100,88
1,10
2,11
3,11
4,12
5,11
6,13
7,13
8,14
9,15
10,18
11,14
12,16
13,18
14,15
15,17
16,16
17,17
18,17
19,23
20,22
21,20
22,26
23,15
24,22
25,20
26,28
27,23
28,29
29,25
30,33
31,24
32,34
33,25
34,21
35,30
36,37
37,29
38,36
39,21
40,22
41,20
42,21
43,35
44,33
45,36
46,40
47,32
48,37
49,44
50,47
51,46
52,21
53,24
54,41
55,21
56,34
57,33
58,27
59,46
60,49
61,49
62,25
63,55
64,34
65,33
66,52
67,48
68,53
69,39
70,35
71,25
72,45
73,62
74,55
75,25
76,48
77,47
78,56
79,44
80,61
81,65
82,48
83,61
84,69
85,48
86,60
87,41
88,32
89,53
90,69
91,42
92,55
93,35
94,65
95,48
96,68
97,69
98,38
99,31
100,53
1,10
2,11
3,11
4,11
5,11
6,14
7,12
8,14
9,16
10,14
11,16
12,16
13,17
14,19
15,16
16,14
17,18
18,19
19,14
20,19
21,16
22,19
23,17
24,23
25,21
26,18
27,28
28,19
29,23
30,21
31,25
32,33
33,17
34,22
35,30
36,33
37,20
38,39
39,33
40,35
41,20
42,42
43,32
44,27
45,28
46,45
47,31
48,42
49,26
50,29
51,40
52,37
53,21
54,29
55,31
56,39
57,27
58,53
59,32
60,35
61,29
62,27
63,47
64,26
65,40
66,47
67,26
68,27
69,43
70,24
71,45
72,48
73,44
74,43
75,29
76,31
77,36
78,46
79,57
80,66
81,62
82,34
83,58
84,36
85,33
86,36
87,35
88,69
89,56
90,73
91,55
92,74
93,38
94,44
95,75
96,83
97,49
98,37
99,85
100,89
1,10
2,11
3,11
4,13
5,13
6,14
7,15
8,16
9,16
10,13
11,17
12,19
13,17
14,16
15,20
16,17
17,22
18,21
19,18
20,23
21,16
22,22
23,21
24,26
25,17
26,21
27,30
28,27
29,18
30,17
31,30
32,31
33,33
34,19
35,29
36,22
37,20
38,40
39,35
40,39
41,31
42,26
43,19
44,33
45,39
46,37
47,32
48,47
49,28
50,38
51,47
52,34
53,34
54,53
55,45
56,25
57,44
58,26
59,47
60,22
61,32
62,24
63,48
64,24
65,49
66,34
67,41
68,43
69,61
70,57
71,54
72,40
73,44
74,49
75,46
76,28
77,59
78,71
79,63
80,61
81,54
82,49
83,30
84,73
85,54
86,48
87,55
88,42
89,74
90,77
91,73
92,44
93,30
94,63
95,84
96,43
97,44
98,71
99,71
100,65
1,10
2,11
3,11
4,12
5,13
6,12
7,11
8,14
9,16
10,13
11,12
12,15
13,15
14,17
15,16
16,22
17,22
18,17
19,20
20,20
21,24
22,18
23,20
24,26
25,15
26,21
27,18
28,23
29,27
30,20
31,30
32,18
33,29
34,18
35,27
36,22
37,30
38,26
39,22
40,34
41,18
42,23
43,39
44,27
45,19
46,30
47,45
48,44
49,40
50,29
51,44
52,51
53,27
54,35
55,32
56,49
57,40
58,43
59,52
60,58
61,25
62,44
63,59
64,55
65,23
66,41
67,30
68,60
69,62
70,38
71,51
72,57
73,55
74,51
75,31
76,27
77,60
78,70
79,71
80,56
81,36
82,60
83,44
84,59
85,58
86,67
87,43
88,36
89,61
90,63
91,43
92,41
93,39
94,61
95,40
96,52
97,29
98,84
99,57
100,39
1,10
2,11
3,11
4,13
5,12
6,12
7,14
8,14
9,14
10,14
11,13
12,15
13,17
14,14
15,14
16,19
17,19
18,23
19,23
20,25
21,19
22,16
23,26
24,15
25,22
26,17
27,19
28,20
29,30
30,19
31,31
32,31
33,18
34,33
35,22
36,32
37,19
38,28
39,31
40,28
41,20
42,39
43,35
44,40
45,45
46,43
47,46
48,44
49,34
50,20
51,44
52,34
53,40
54,40
55,28
56,34
57,49
58,54
59,25
60,52
61,51
62,58
63,31
64,50
65,57
66,55
67,56
68,57
69,38
70,55
71,55
72,62
73,31
74,68
75,30
76,53
77,50
78,31
79,65
80,37
81,74
82,48
83,34
84,59
85,55
86,62
87,40
88,38
89,40
90,36
91,44
92,69
93,49
94,80
95,71
96,35
97,64
98,58
99,46
100,32
1,10
2,11
3,11
4,13
5,12
6,12
7,14
8,15
9,12
10,16
11,17
12,19
13,16
14,13
15,15
16,14
17,23
18,14
19,20
20,18
21,19
22,25
23,22
24,20
25,19
26,22
27,20
28,26
29,28
30,19
31,27
32,17
33,31
34,28
35,28
36,24
37,36
38,26
39,23
40,19
41,23
42,35
43,40
44,44
45,31
46,20
47,39
48,34
49,22
50,32
51,25
52,40
53,32
54,46
55,52
56,34
57,35
58,55
59,49
60,45
61,35
62,43
63,43
64,58
65,26
66,54
67,58
68,27
69,35
70,46
71,47
72,50
73,39
74,53
75,56
76,52
77,28
78,54
79,30
80,69
81,52
82,27
83,43
84,48
85,55
86,53
87,48
88,73
89,73
90,79
91,79
92,77
93,35
94,79
95,33
96,75
97,87
98,50
99,79
100,51
1,10
2,11
3,11
4,11
5,11
6,14
7,13
8,14
9,16
10,14
11,17
12,17
13,13
14,21
15,14
16,15
17,23
18,23
19,16
20,15
21,23
22,15
23,16
24,17
25,29
26,26
27,18
28,24
29,16
30,25
31,21
32,32
33,17
34,34
35,17
36,21
37,27
38,39
39,35
40,35
41,38
42,34
43,23
44,27
45,26
46,39
47,42
48,47
49,33
50,38
51,23
52,23
53,31
54,37
55,43
56,54
57,51
58,22
59,41
60,50
61,22
62,24
63,26
64,47
65,58
66,32
67,34
68,55
69,50
70,43
71,27
72,63
73,29
74,60
75,57
76,27
77,60
78,41
79,42
80,72
81,32
82,47
83,66
84,71
85,67
86,45
87,70
88,32
89,43
90,36
91,72
92,75
93,57
94,85
95,37
96,34
97,49
98,40
99,78
100,78
1,10
2,11
3,11
4,12
5,13
6,13
7,11
8,16
9,16
10,13
11,16
12,19
13,19
14,13
15,13
16,18
17,13
18,22
19,14
20,19
21,26
22,17
23,22
24,20
25,24
26,23
27,16
28,20
29,22
30,17
31,17
32,20
33,33
34,28
35,34
36,28
37,17
38,37
39,24
40,32
41,32
42,22
43,21
44,38
45,36
46,20
47,46
48,41
49,20
50,45
51,24
52,36
53,49
54,32
55,50
56,54
57,25
58,40
59,44
60,37
61,26
62,30
63,28
64,58
65,24
66,57
67,27
68,40
69,59
70,39
71,26
72,59
73,33
74,35
75,69
76,50
77,38
78,50
79,51
80,47
81,65
82,35
83,40
84,64
85,71
86,28
87,75
88,58
89,66
90,71
91,62
92,46
93,48
94,41
95,68
96,82
97,29
98,46
99,49
100,34
1,10
2,11
3,11
4,13
5,13
6,14
7,12
8,16
9,14
10,18
11,18
12,15
13,14
14,16
15,13
16,16
17,18
18,14
19,21
20,17
21,16
22,16
23,16
24,26
25,22
26,27
27,20
28,25
29,20
30,30
31,23
32,35
33,35
34,24
35,30
36,30
37,17
38,33
39,21
40,41
41,24
42,23
43,20
44,44
45,38
46,46
47,32
48,23
49,47
50,36
51,31
52,41
53,31
54,53
55,34
56,47
57,47
58,47
59,26
60,22
61,40
62,56
63,25
64,24
65,34
66,43
67,31
68,33
69,53
70,59
71,43
72,64
73,66
74,60
75,69
76,47
77,37
78,65
79,64
80,72
81,40
82,59
83,52
84,60
85,39
86,40
87,29
88,74
89,49
90,82
91,61
92,45
93,78
94,62
95,69
96,77
97,64
98,76
99,80
100,57
1,10
2,11
3,11
4,13
5,12
6,12
7,12
8,16
9,13
10,12
11,16
12,18
13,15
14,16
15,13
16,16
17,22
18,14
19,20
20,16
21,19
22,26
23,26
24,23
25,17
26,23
27,18
28,21
29,18
30,34
31,33
32,28
33,24
34,28
35,25
36,27
37,37
38,37
39,27
40,39
41,41
42,22
43,38
44,42
45,30
46,27
47,28
48,39
49,26
50,40
51,27
52,33
53,29
54,37
55,21
56,33
57,26
58,22
59,34
60,54
61,30
62,38
63,29
64,61
65,57
66,51
67,28
68,38
69,39
70,63
71,36
72,64
73,43
74,43
75,26
76,68
77,70
78,37
79,29
80,64
81,72
82,46
83,70
84,72
85,76
86,29
87,49
88,57
89,75
90,40
91,42
92,81
93,51
94,70
95,71
96,64
97,42
98,87
99,81
100,32
1,10
2,11
3,11
4,12
5,11
6,12
7,14
8,13
9,15
10,12
11,17
12,13
13,17
14,16
15,20
16,17
17,14
18,18
19,15
20,22
21,25
22,15
23,26
24,21
25,24
26,17
27,28
28,32
29,18
30,29
31,23
32,24
33,28
34,37
35,32
36,28
37,20
38,22
39,19
40,25
41,35
42,41
43,31
44,44
45,19
46,43
47,41
48,32
49,37
50,26
51,21
52,31
53,27
54,45
55,22
56,40
57,47
58,23
59,30
60,43
61,46
62,24
63,51
64,38
65,57
66,48
67,63
68,50
69,34
70,51
71,57
72,34
73,45
74,63
75,51
76,35
77,68
78,27
79,27
80,41
81,69
82,33
83,60
84,37
85,58
86,30
87,62
88,33
89,31
90,32
91,31
92,70
93,69
94,37
95,32
96,86
97,86
98,65
99,73
100,35
1,10
2,11
3,11
4,12
5,13
6,14
7,12
8,16
9,12
10,12
11,15
12,15
13,17
14,18
15,15
16,21
17,13
18,22
19,14
20,19
21,18
22,25
23,20
24,17
25,22
26,22
27,27
28,26
29,20
30,24
31,18
32,31
33,26
34,34
35,28
36,29
37,39
38,39
39,28
40,22
41,29
42,26
43,39
44,21
45,35
46,42
47,41
48,38
49,41
50,20
51,34
52,40
53,28
54,42
55,40
56,30
57,46
58,49
59,23
60,27
61,50
62,35
63,49
64,41
65,52
66,60
67,60
68,37
69,51
70,37
71,35
72,56
73,47
74,34
75,68
76,33
77,34
78,48
79,45
80,64
81,27
82,38
83,40
84,44
85,63
86,70
87,67
88,51
89,63
90,81
91,56
92,43
93,36
94,54
95,84
96,56
97,76
98,50
99,44
100,36
1,10
2,11
3,11
4,11
5,13
6,14
7,14
8,13
9,16
10,18
11,12
12,15
13,14
14,20
15,14
16,20
17,13
18,22
19,24
20,24
21,17
22,15
23,22
24,28
25,29
26,22
27,22
28,23
29,29
30,32
31,28
32,35
33,32
34,30
35,18
36,27
37,29
38,25
39,28
40,27
41,20
42,24
43,21
44,28
45,23
46,37
47,30
48,21
49,42
50,46
51,31
52,24
53,37
54,35
55,36
56,31
57,38
58,31
59,27
60,47
61,46
62,42
63,56
64,45
65,54
66,49
67,53
68,35
69,64
70,65
71,46
72,57
73,51
74,27
75,26
76,37
77,55
78,70
79,55
80,27
81,51
82,74
83,60
84,30
85,54
86,42
87,49
88,35
89,41
90,50
91,52
92,74
93,31
94,76
95,32
96,39
97,62
98,67
99,88
100,43
1,10
2,11
3,11
4,13
5,12
6,13
7,13
8,14
9,12
10,12
11,12
12,16
13,17
14,14
15,19
16,18
17,21
18,19
19,15
20,16
21,20
22,23
23,25
24,29
25,25
26,28
27,29
28,18
29,20
30,31
31,21
32,19
33,35
34,29
35,32
36,24
37,25
38,22
39,24
40,21
41,32
42,21
43,26
44,31
45,42
46,38
47,38
48,45
49,45
50,30
51,29
52,37
53,23
54,26
55,25
56,23
57,44
58,49
59,45
60,27
61,39
62,54
63,41
64,28
65,37
66,58
67,29
68,62
69,37
70,47
71,28
72,48
73,25
74,69
75,30
76,45
77,25
78,38
79,31
80,45
81,69
82,54
83,54
84,59
85,54
86,41
87,45
88,37
89,53
90,34
91,60
92,32
93,31
94,74
95,55
96,47
97,73
98,43
99,33
100,75
1,10
2,11
3,11
4,13
5,13
6,14
7,14
8,15
9,12
10,18
11,16
12,18
13,19
14,18
15,17
16,14
17,19
18,21
19,23
20,26
21,25
22,18
23,18
24,17
25,20
26,28
27,16
28,20
29,17
30,18
31,24
32,25
33,34
34,33
35,20
36,23
37,20
38,36
39,33
40,28
41,22
42,38
43,22
44,41
45,41
46,22
47,38
48,37
49,26
50,47
51,43
52,21
53,21
54,25
55,22
56,51
57,28
58,54
59,35
60,28
61,54
62,40
63,52
64,39
65,47
66,39
67,53
68,64
69,26
70,36
71,59
72,30
73,50
74,26
75,68
76,67
77,34
78,28
79,53
80,53
81,50
82,49
83,35
84,67
85,60
86,72
87,41
88,74
89,51
90,77
91,31
92,69
93,50
94,53
95,62
96,66
97,37
98,48
99,47
100,73
1,10
2,11
3,11
4,13
5,12
6,14
7,14
8,16
9,15
10,17
11,16
12,16
13,19
14,15
15,13
16,21
17,18
18,17
19,14
20,22
21,24
22,24
23,20
24,16
25,29
26,22
27,27
28,30
29,32
30,34
31,25
32,25
33,34
34,27
35,27
36,22
37,17
38,40
39,32
40,42
41,20
42,29
43,25
44,39
45,40
46,24
47,20
48,22
49,32
50,36
51,28
52,32
53,44
54,41
55,28
56,48
57,26
58,47
59,44
60,51
61,33
62,48
63,52
64,58
65,50
66,43
67,40
68,58
69,47
70,41
71,53
72,41
73,60
74,30
75,31
76,35
77,61
78,53
79,69
80,34
81,49
82,58
83,55
84,70
85,49
86,31
87,48
88,29
89,52
90,39
91,58
92,61
93,48
94,57
95,55
96,47
97,86
98,78
99,33
100,47
1,10
2,11
3,11
4,11
5,12
6,12
7,13
8,13
9,12
10,14
11,17
12,18
13,14
14,18
15,13
16,18
17,13
18,20
19,23
20,19
21,25
22,17
23,26
24,27
25,25
26,25
27,26
28,25
29,16
30,21
31,23
32,25
33,21
34,26
35,23
36,30
37,29
38,33
39,20
40,28
41,39
42,41
43,23
44,30
45,36
46,33
47,35
48,33
49,30
50,45
51,45
52,28
53,37
54,25
55,45
56,23
57,43
58,40
59,37
60,56
61,47
62,48
63,46
64,27
65,56
66,24
67,45
68,39
69,43
70,33
71,51
72,28
73,30
74,60
75,32
76,62
77,28
78,72
79,32
80,66
81,44
82,33
83,29
84,66
85,36
86,53
87,43
88,61
89,50
90,61
91,63
92,59
93,81
94,61
95,43
96,83
97,32
98,30
99,81
100,82
1,10
2,11
3,11
4,11
5,11
6,13
7,13
8,15
9,14
10,17
11,18
12,13
13,13
14,21
15,14
16,19
17,23
18,20
19,14
20,23
21,17
22,23
23,19
24,26
25,22
26,19
27,19
28,16
29,16
30,19
31,20
32,28
33,31
34,33
35,17
36,19
37,29
38,36
39,26
40,33
41,21
42,26
43,20
44,33
45,24
46,21
47,40
48,20
49,28
50,38
51,34
52,34
53,50
54,45
55,42
56,43
57,51
58,25
59,49
60,38
61,25
62,25
63,43
64,33
65,23
66,39
67,51
68,49
69,64
70,32
71,32
72,54
73,33
74,49
75,52
76,67
77,69
78,48
79,32
80,47
81,37
82,60
83,71
84,57
85,45
86,58
87,79
88,37
89,62
90,48
91,59
92,43
93,54
94,30
95,77
96,59
97,60
98,55
99,31
100,68
1,10
2,11
3,11
4,13
5,11
6,14
7,14
8,16
9,13
10,17
11,13
12,17
13,14
14,21
15,13
16,22
17,15
18,14
19,24
20,22
21,25
22,16
23,19
24,24
25,27
26,25
27,17
28,17
29,23
30,27
31,34
32,32
33,19
34,29
35,31
36,33
37,39
38,31
39,26
40,19
41,29
42,38
43,23
44,40
45,26
46,41
47,19
48,25
49,32
50,26
51,47
52,35
53,32
54,43
55,53
56,45
57,46
58,41
59,44
60,56
61,23
62,47
63,56
64,32
65,47
66,47
67,61
68,46
69,39
70,55
71,38
72,46
73,54
74,50
75,63
76,36
77,46
78,41
79,56
80,73
81,44
82,29
83,38
84,75
85,50
86,69
87,67
88,51
89,52
90,75
91,30
92,75
93,70
94,36
95,37
96,43
97,60
98,67
99,36
100,43
1,10
2,11
3,11
4,13
5,13
6,14
7,11
8,12
9,15
10,13
11,14
12,14
13,15
14,18
15,15
16,15
17,23
18,14
19,18
20,20
21,15
22,17
23,15
24,20
25,21
26,23
27,25
28,30
29,20
30,16
31,21
32,33
33,28
34,23
35,18
36,31
37,38
38,37
39,30
40,38
41,35
42,19
43,36
44,24
45,35
46,38
47,25
48,20
49,42
50,35
51,47
52,31
53,36
54,49
55,49
56,31
57,23
58,36
59,45
60,35
61,33
62,37
63,50
64,38
65,47
66,50
67,54
68,25
69,32
70,58
71,51
72,25
73,45
74,67
75,35
76,66
77,25
78,64
79,49
80,55
81,37
82,71
83,33
84,56
85,54
86,59
87,33
88,40
89,66
90,52
91,76
92,38
93,46
94,41
95,46
96,68
97,30
98,38
99,58
100,55
1,10
2,11
3,11
4,11
5,13
6,13
7,13
8,13
9,12
10,18
11,17
12,15
13,18
14,18
15,18
16,22
17,22
18,21
19,20
20,17
21,16
22,15
23,27
24,19
25,22
26,21
27,31
28,32
29,16
30,34
31,19
32,26
33,30
34,28
35,25
36,24
37,33
38,39
39,23
40,35
41,41
42,37
43,21
44,43
45,22
46,33
47,36
48,20
49,26
50,47
51,34
52,31
53,50
54,45
55,23
56,45
57,40
58,54
59,24
60,47
61,24
62,43
63,53
64,23
65,60
66,35
67,52
68,60
69,60
70,58
71,24
72,45
73,45
74,51
75,67
76,29
77,58
78,66
79,54
80,30
81,29
82,60
83,60
84,36
85,56
86,32
87,29
88,77
89,72
90,48
91,70
92,73
93,79
94,53
95,52
96,81
97,71
98,69
99,83
100,35
1,10
2,11
3,11
4,12
5,11
6,12
7,15
8,12
9,15
10,17
11,17
12,19
13,19
14,17
15,18
16,15
17,16
18,20
19,21
20,23
21,14
22,20
23,24
24,15
25,26
26,26
27,18
28,22
29,22
30,29
31,32
32,33
33,28
34,27
35,17
36,30
37,33
38,34
39,27
40,40
41,36
42,31
43,22
44,24
45,23
46,39
47,19
48,24
49,39
50,33
51,33
52,41
53,45
54,38
55,37
56,38
57,49
58,28
59,52
60,24
61,28
62,33
63,38
64,38
65,39
66,47
67,51
68,35
69,50
70,65
71,53
72,38
73,30
74,28
75,59
76,52
77,47
78,39
79,56
80,58
81,46
82,65
83,46
84,45
85,50
86,53
87,58
88,63
89,69
90,74
91,55
92,62
93,58
94,68
95,80
96,37
97,41
98,85
99,38
100,78
1,10
2,11
3,11
4,12
5,11
6,13
7,15
8,16
9,13
10,14
11,13
12,15
13,13
14,16
15,15
16,21
17,18
18,18
19,22
20,26
21,19
22,27
23,22
24,24
25,16
26,29
27,26
28,26
29,19
30,17
31,20
32,26
33,29
34,34
35,20
36,36
37,20
38,24
39,33
40,26
41,28
42,22
43,22
44,26
45,45
46,41
47,40
48,20
49,29
50,42
51,41
52,46
53,27
54,49
55,23
56,25
57,28
58,51
59,38
60,48
61,26
62,47
63,52
64,59
65,32
66,28
67,50
68,38
69,33
70,36
71,47
72,39
73,58
74,29
75,63
76,44
77,27
78,35
79,47
80,41
81,40
82,32
83,68
84,31
85,43
86,62
87,60
88,42
89,66
90,61
91,55
92,44
93,73
94,47
95,65
96,82
97,86
98,88
99,81
100,38
1,10
2,11
3,11
4,13
5,11
6,14
7,13
8,12
9,12
10,14
11,16
12,19
13,17
14,14
15,16
16,18
17,20
18,14
19,19
20,14
21,24
22,16
23,25
24,17
25,16
26,16
27,30
28,28
29,25
30,18
31,28
32,23
33,28
34,26
35,37
36,25
37,34
38,36
39,31
40,36
41,22
42,30
43,34
44,29
45,42
46,36
47,26
48,37
49,34
50,33
51,32
52,42
53,37
54,41
55,27
56,52
57,54
58,51
59,22
60,57
61,25
62,51
63,45
64,30
65,60
66,60
67,23
68,63
69,25
70,57
71,38
72,42
73,54
74,59
75,34
76,38
77,57
78,63
79,34
80,44
81,56
82,54
83,69
84,76
85,76
86,36
87,60
88,65
89,47
90,48
91,46
92,51
93,77
94,46
95,33
96,84
97,74
98,36
99,73
100,48
1,10
2,11
3,11
4,11
5,13
6,12
7,14
8,14
9,15
10,17
11,17
12,13
13,16
14,20
15,16
16,20
17,13
18,17
19,18
20,19
21,18
22,16
23,15
24,22
25,22
26,22
27,22
28,20
29,24
30,28
31,28
32,20
33,25
34,29
35,24
36,24
37,21
38,31
39,20
40,18
41,28
42,26
43,27
44,28
45,42
46,37
47,20
48,35
49,46
50,22
51,34
52,29
53,25
54,39
55,29
56,25
57,52
58,26
59,41
60,44
61,30
62,33
63,30
64,51
65,57
66,50
67,58
68,53
69,46
70,63
71,43
72,42
73,56
74,45
75,36
76,30
77,40
78,68
79,46
80,37
81,57
82,40
83,69
84,60
85,42
86,29
87,63
88,60
89,50
90,39
91,53
92,81
93,55
94,83
95,58
96,86
97,45
98,80
99,86
100,40
1,10
2,11
3,11
4,11
5,12
6,13
7,12
8,16
9,13
10,15
11,18
12,15
13,13
14,21
15,20
16,17
17,15
18,17
19,16
20,17
21,26
22,15
23,18
24,25
25,26
26,24
27,16
28,23
29,20
30,33
31,31
32,33
33,22
34,35
35,20
36,18
37,18
38,36
39,25
40,18
41,35
42,33
43,21
44,32
45,32
46,36
47,45
48,44
49,35
50,39
51,28
52,28
53,41
54,46
55,41
56,49
57,54
58,33
59,53
60,52
61,37
62,34
63,49
64,56
65,25
66,24
67,49
68,55
69,37
70,53
71,59
72,48
73,26
74,59
75,30
76,64
77,53
78,56
79,26
80,62
81,32
82,72
83,74
84,43
85,76
86,65
87,46
88,59
89,77
90,49
91,70
92,52
93,69
94,37
95,32
96,85
97,43
98,75
99,69
100,53
1,10
2,11
3,11
4,11
5,12
6,13
7,15
8,13
9,16
10,18
11,15
12,15
13,14
14,14
15,16
16,16
17,19
18,24
19,23
20,16
21,21
22,23
23,18
24,23
25,27
26,19
27,25
28,28
29,17
30,31
31,20
32,26
33,33
34,28
35,19
36,21
37,37
38,24
39,25
40,26
41,28
42,19
43,30
44,32
45,30
46,39
47,46
48,24
49,36
50,32
51,23
52,41
53,39
54,27
55,28
56,33
57,42
58,34
59,49
60,57
61,54
62,57
63,23
64,44
65,48
66,58
67,25
68,34
69,50
70,43
71,35
72,34
73,53
74,39
75,26
76,67
77,50
78,35
79,40
80,73
81,37
82,65
83,32
84,40
85,29
86,43
87,70
88,44
89,31
90,80
91,79
92,50
93,66
94,78
95,37
96,84
97,87
98,73
99,34
100,55
1,10
2,11
3,11
4,11
5,13
6,14
7,14
8,13
9,15
10,14
11,14
12,18
13,14
14,16
15,17
16,18
17,20
18,18
19,19
20,14
21,15
22,19
23,16
24,23
25,29
26,30
27,28
28,28
29,32
30,16
31,29
32,20
33,22
34,18
35,23
36,23
37,19
38,19
39,26
40,21
41,20
42,36
43,40
44,31
45,29
46,23
47,32
48,27
49,25
50,23
51,41
52,48
53,44
54,53
55,47
56,43
57,51
58,31
59,24
60,22
61,23
62,45
63,33
64,51
65,53
66,45
67,47
68,29
69,27
70,58
71,54
72,53
73,54
74,31
75,37
76,36
77,42
78,47
79,30
80,52
81,44
82,38
83,74
84,36
85,76
86,42
87,58
88,53
89,64
90,57
91,74
92,42
93,74
94,57
95,82
96,59
97,73
98,68
99,70
100,65
1,10
2,11
3,11
4,13
5,11
6,12
7,11
8,14
9,12
10,17
11,15
12,16
13,13
14,18
15,21
16,21
17,18
18,20
19,24
20,26
21,23
22,24
23,19
24,24
25,26
26,26
27,26
28,30
29,24
30,26
31,31
32,31
33,33
34,20
35,30
36,34
37,27
38,32
39,35
40,31
41,40
42,19
43,21
44,29
45,28
46,33
47,22
48,33
49,25
50,34
51,49
52,39
53,33
54,43
55,53
56,40
57,21
58,25
59,56
60,54
61,23
62,24
63,31
64,55
65,36
66,60
67,35
68,45
69,32
70,51
71,27
72,51
73,37
74,52
75,53
76,26
77,68
78,41
79,42
80,66
81,34
82,42
83,53
84,31
85,51
86,71
87,42
88,73
89,71
90,48
91,65
92,79
93,41
94,58
95,62
96,83
97,62
98,66
99,83
100,30
1,10
2,11
3,11
4,12
5,11
6,13
7,14
8,16
9,13
10,13
11,17
12,18
13,14
14,15
15,20
16,21
17,19
18,19
19,23
20,19
21,26
22,19
23,24
24,15
25,15
26,22
27,20
28,24
29,32
30,26
31,33
32,34
33,33
34,21
35,27
36,28
37,23
38,18
39,27
40,28
41,18
42,20
43,28
44,44
45,32
46,44
47,27
48,38
49,42
50,41
51,39
52,51
53,44
54,23
55,42
56,33
57,22
58,24
59,49
60,35
61,27
62,27
63,41
64,37
65,48
66,35
67,62
68,47
69,63
70,31
71,57
72,63
73,56
74,36
75,30
76,33
77,33
78,49
79,35
80,68
81,41
82,46
83,35
84,56
85,69
86,61
87,44
88,28
89,56
90,44
91,32
92,74
93,59
94,61
95,85
96,49
97,43
98,47
99,55
100,64
1,10
2,11
3,11
4,12
5,12
6,12
7,11
8,14
9,12
10,18
11,12
12,13
13,17
14,17
15,16
16,15
17,23
18,24
19,18
20,14
21,26
22,25
23,20
24,27
25,19
26,23
27,25
28,25
29,18
30,19
31,34
32,21
33,29
34,31
35,25
36,35
37,27
38,26
39,28
40,38
41,27
42,43
43,24
44,22
45,27
46,41
47,25
48,30
49,32
50,25
51,48
52,29
53,49
54,52
55,32
56,24
57,30
58,33
59,35
60,48
61,22
62,36
63,44
64,59
65,58
66,27
67,50
68,46
69,51
70,57
71,42
72,45
73,58
74,53
75,49
76,57
77,32
78,55
79,66
80,34
81,34
82,46
83,33
84,31
85,61
86,54
87,37
88,68
89,71
90,42
91,74
92,64
93,81
94,35
95,79
96,62
97,55
98,60
99,61
100,50
1,10
2,11
3,11
4,13
5,13
6,13
7,12
8,13
9,14
10,15
11,17
12,13
13,19
14,14
15,15
16,16
17,14
18,18
19,17
20,23
21,16
22,26
23,18
24,22
25,17
26,23
27,21
28,25
29,21
30,32
31,28
32,35
33,18
34,27
35,33
36,34
37,25
38,33
39,25
40,20
41,19
42,29
43,31
44,29
45,22
46,31
47,23
48,25
49,34
50,28
51,32
52,37
53,31
54,36
55,47
56,44
57,21
58,27
59,54
60,33
61,47
62,48
63,55
64,26
65,52
66,31
67,45
68,46
69,47
70,44
71,66
72,61
73,58
74,63
75,34
76,68
77,25
78,40
79,26
80,28
81,39
82,70
83,49
84,51
85,53
86,53
87,30
88,78
89,78
90,82
91,66
92,35
93,48
94,42
95,47
96,74
97,74
98,46
99,35
100,58
1,10
2,11
3,11
4,12
5,11
6,13
7,14
8,13
9,15
10,15
11,13
12,16
13,14
14,15
15,18
16,18
17,19
18,24
19,20
20,21
21,15
22,21
23,15
24,24
25,27
26,26
27,23
28,20
29,28
30,24
31,23
32,20
33,25
34,34
35,17
36,29
37,34
38,36
39,22
40,38
41,30
42,22
43,26
44,42
45,36
46,33
47,29
48,30
49,48
50,45
51,41
52,43
53,47
54,42
55,47
56,22
57,45
58,26
59,54
60,35
61,40
62,32
63,41
64,25
65,49
66,54
67,53
68,50
69,31
70,50
71,32
72,54
73,43
74,52
75,61
76,49
77,30
78,67
79,47
80,74
81,41
82,32
83,48
84,28
85,72
86,62
87,75
88,40
89,49
90,72
91,44
92,67
93,63
94,48
95,74
96,62
97,44
98,33
99,86
100,73
1,10
2,11
3,11
4,11
5,12
6,12
7,15
8,14
9,12
10,17
11,16
12,13
13,18
14,14
15,20
16,22
17,13
18,23
19,18
20,21
21,19
22,16
23,24
24,16
25,22
26,27
27,16
28,19
29,31
30,33
31,25
32,19
33,19
34,19
35,27
36,29
37,36
38,24
39,20
40,21
41,26
42,38
43,32
44,26
45,29
46,31
47,23
48,48
49,22
50,40
51,46
52,43
53,24
54,43
55,29
56,54
57,33
58,51
59,56
60,41
61,58
62,24
63,31
64,42
65,44
66,47
67,37
68,60
69,61
70,45
71,31
72,27
73,54
74,46
75,32
76,41
77,54
78,54
79,61
80,63
81,68
82,36
83,35
84,76
85,61
86,39
87,55
88,65
89,30
90,35
91,41
92,72
93,73
94,70
95,84
96,56
97,83
98,84
99,87
100,72
1,10
2,11
3,11
4,13
5,11
6,14
7,11
8,15
9,12
10,14
11,17
12,15
13,14
14,19
15,14
16,21
17,18
18,21
19,14
20,15
21,22
22,15
23,16
24,28
25,20
26,19
27,16
28,17
29,29
30,32
31,22
32,34
33,18
34,34
35,17
36,29
37,32
38,32
39,22
40,32
41,28
42,43
43,30
44,22
45,29
46,37
47,34
48,22
49,35
50,21
51,30
52,21
53,24
54,37
55,24
56,26
57,52
58,28
59,31
60,49
61,46
62,42
63,38
64,39
65,44
66,35
67,29
68,62
69,39
70,38
71,40
72,31
73,55
74,48
75,63
76,36
77,27
78,32
79,34
80,44
81,29
82,37
83,31
84,56
85,49
86,40
87,28
88,72
89,62
90,46
91,44
92,73
93,64
94,63
95,47
96,85
97,75
98,30
99,59
100,34
1,10
2,11
3,11
4,13
5,12
6,14
7,12
8,13
9,12
10,16
11,14
12,18
13,14
14,16
15,14
16,14
17,15
18,14
19,16
20,15
21,17
22,23
23,17
24,29
25,15
26,20
27,26
28,16
29,23
30,23
31,18
32,34
33,20
34,22
35,36
36,23
37,33
38,28
39,37
40,21
41,19
42,41
43,27
44,22
45,27
46,28
47,40
48,43
49,34
50,34
51,25
52,38
53,48
54,40
55,37
56,44
57,49
58,52
59,38
60,31
61,26
62,54
63,28
64,25
65,61
66,51
67,40
68,52
69,45
70,34
71,59
72,66
73,51
74,29
75,25
76,32
77,27
78,71
79,32
80,39
81,51
82,31
83,66
84,45
85,39
86,60
87,40
88,30
89,50
90,67
91,50
92,31
93,57
94,37
95,31
96,73
97,66
98,46
99,44
100,64
1,10
2,11
3,11
4,12
5,12
6,13
7,15
8,14
9,13
10,14
11,17
12,18
13,18
14,14
15,17
16,17
17,14
18,23
19,23
20,18
21,24
22,17
23,20
24,15
25,24
26,29
27,23
28,20
29,32
30,31
31,30
32,17
33,22
34,23
35,21
36,23
37,28
38,33
39,36
40,40
41,41
42,43
43,28
44,27
45,29
46,22
47,26
48,28
49,40
50,50
51,39
52,23
53,43
54,32
55,30
56,48
57,44
58,28
59,47
60,54
61,56
62,30
63,44
64,55
65,43
66,58
67,23
68,41
69,54
70,44
71,32
72,63
73,26
74,59
75,40
76,35
77,71
78,52
79,53
80,72
81,46
82,75
83,31
84,55
85,50
86,75
87,37
88,39
89,50
90,75
91,67
92,68
93,66
94,30
95,36
96,69
97,37
98,47
99,62
100,80
1,10
2,11
3,11
4,13
5,11
6,12
7,14
8,13
9,12
10,13
11,15
12,14
13,19
14,16
15,16
16,19
17,16
18,24
19,18
20,17
21,22
22,16
23,20
24,28
25,29
26,27
27,29
28,30
29,21
30,32
31,25
32,28
33,33
34,33
35,24
36,21
37,20
38,40
39,35
40,28
41,28
42,37
43,42
44,21
45,19
46,38
47,42
48,48
49,44
50,25
51,40
52,38
53,46
54,29
55,21
56,29
57,21
58,39
59,40
60,44
61,56
62,56
63,51
64,61
65,32
66,47
67,33
68,44
69,29
70,47
71,56
72,43
73,63
74,57
75,55
76,68
77,54
78,59
79,33
80,35
81,55
82,37
83,72
84,73
85,49
86,47
87,76
88,42
89,29
90,71
91,52
92,44
93,54
94,85
95,45
96,85
97,54
98,62
99,50
100,50
1,10
2,11
3,11
4,11
5,12
6,14
7,14
8,14
9,14
10,18
11,16
12,17
13,16
14,18
15,15
16,16
17,16
18,21
19,19
20,19
21,21
22,26
23,21
24,29
25,28
26,30
27,23
28,29
29,32
30,27
31,16
32,30
33,27
34,19
35,23
36,38
37,28
38,32
39,28
40,28
41,35
42,42
43,37
44,42
45,34
46,37
47,22
48,38
49,40
50,32
51,36
52,23
53,42
54,49
55,34
56,24
57,38
58,28
59,39
60,58
61,36
62,52
63,49
64,60
65,39
66,51
67,45
68,59
69,36
70,62
71,50
72,48
73,30
74,44
75,32
76,57
77,40
78,30
79,36
80,26
81,28
82,45
83,68
84,60
85,66
86,31
87,77
88,74
89,65
90,52
91,28
92,70
93,37
94,79
95,49
96,63
97,85
98,33
99,40
100,83
1,10
2,11
3,11
4,11
5,11
6,12
7,12
8,14
9,13
10,12
11,12
12,14
13,13
14,15
15,19
16,18
17,23
18,15
19,17
20,17
21,15
22,27
23,23
24,15
25,22
26,16
27,24
28,29
29,30
30,24
31,33
32,35
33,24
34,24
35,20
36,18
37,20
38,30
39,24
40,22
41,31
42,28
43,24
44,38
45,44
46,27
47,28
48,23
49,39
50,33
51,21
52,33
53,27
54,32
55,37
56,51
57,22
58,53
59,23
60,49
61,23
62,48
63,54
64,49
65,34
66,34
67,27
68,58
69,52
70,33
71,38
72,31
73,40
74,29
75,31
76,53
77,54
78,64
79,47
80,63
81,53
82,64
83,52
84,72
85,55
86,67
87,37
88,76
89,54
90,35
91,80
92,73
93,49
94,43
95,53
96,71
97,65
98,63
99,54
100,34
1,10
2,11
3,11
4,12
5,11
6,14
7,13
8,16
9,16
10,17
11,14
12,14
13,16
14,18
15,20
16,22
17,13
18,21
19,24
20,18
21,20
22,26
23,16
24,29
25,29
26,22
27,19
28,29
29,23
30,21
31,32
32,32
33,25
34,18
35,32
36,20
37,32
38,30
39,32
40,37
41,41
42,28
43,31
44,28
45,39
46,27
47,24
48,24
49,45
50,49
51,39
52,29
53,34
54,39
55,24
56,39
57,32
58,38
59,41
60,30
61,50
62,57
63,26
64,29
65,58
66,41
67,39
68,48
69,25
70,47
71,33
72,49
73,40
74,62
75,65
76,63
77,42
78,44
79,48
80,63
81,54
82,32
83,41
84,61
85,74
86,50
87,43
88,56
89,42
90,70
91,73
92,45
93,83
94,67
95,55
96,66
97,77
98,57
99,61
100,88
1,10
2,11
3,11
4,13
5,12
6,12
7,13
8,14
9,12
10,15
11,18
12,19
13,14
14,19
15,16
16,14
17,13
18,21
19,23
20,24
21,26
22,27
23,21
24,19
25,27
26,22
27,22
28,28
29,21
30,21
31,23
32,34
33,19
34,22
35,19
36,37
37,17
38,35
39,35
40,38
41,25
42,26
43,37
44,45
45,25
46,30
47,22
48,23
49,26
50,48
51,50
52,31
53,23
54,24
55,47
56,47
57,43
58,40
59,33
60,56
61,49
62,29
63,57
64,47
65,60
66,46
67,56
68,49
69,61
70,57
71,32
72,46
73,36
74,44
75,31
76,69
77,29
78,54
79,26
80,65
81,62
82,36
83,35
84,31
85,53
86,49
87,66
88,37
89,52
90,54
91,76
92,60
93,35
94,69
95,70
96,77
97,42
98,39
99,61
100,54
1,10
2,11
3,11
4,11
5,11
6,13
7,12
8,14
9,16
10,18
11,13
12,18
13,16
14,21
15,15
16,21
17,22
18,15
19,22
20,21
21,18
22,20
23,17
24,19
25,21
26,17
27,18
28,29
29,31
30,29
31,16
32,17
33,21
34,23
35,37
36,31
37,26
38,36
39,25
40,39
41,38
42,23
43,22
44,44
45,34
46,36
47,22
48,25
49,44
50,34
51,29
52,26
53,32
54,41
55,33
56,22
57,39
58,34
59,49
60,46
61,30
62,29
63,42
64,40
65,41
66,50
67,63
68,41
69,62
70,35
71,56
72,51
73,59
74,48
75,30
76,50
77,45
78,51
79,42
80,58
81,31
82,74
83,56
84,70
85,42
86,65
87,34
88,56
89,60
90,31
91,37
92,68
93,41
94,85
95,79
96,60
97,51
98,43
99,55
100,51
1,10
2,11
3,11
4,12
5,12
6,14
7,12
8,14
9,13
10,15
11,12
12,14
13,16
14,13
15,20
16,22
17,15
18,14
19,15
20,26
21,23
22,16
23,16
24,25
25,16
26,18
27,31
28,21
29,20
30,33
31,32
32,32
33,27
34,29
35,34
36,27
37,20
38,30
39,20
40,36
41,33
42,41
43,35
44,21
45,36
46,35
47,25
48,22
49,36
50,49
51,20
52,32
53,32
54,45
55,49
56,25
57,39
58,25
59,35
60,30
61,23
62,47
63,35
64,54
65,41
66,24
67,58
68,31
69,46
70,46
71,28
72,50
73,47
74,41
75,44
76,41
77,49
78,29
79,27
80,31
81,42
82,73
83,32
84,40
85,53
86,33
87,30
88,41
89,75
90,46
91,42
92,63
93,33
94,49
95,69
96,33
97,83
98,48
99,42
100,46
1,10
2,11
3,11
4,12
5,11
6,13
7,12
8,16
9,15
10,12
11,13
12,16
13,15
14,15
15,16
16,16
17,22
18,20
19,14
20,20
21,22
22,18
23,20
24,28
25,29
26,18
27,25
28,31
29,28
30,21
31,19
32,25
33,21
34,20
35,17
36,33
37,19
38,39
39,29
40,39
41,26
42,43
43,34
44,21
45,38
46,33
47,44
48,28
49,41
50,38
51,43
52,26
53,31
54,30
55,40
56,33
57,47
58,49
59,44
60,55
61,57
62,51
63,40
64,47
65,46
66,48
67,51
68,56
69,55
70,37
71,46
72,25
73,50
74,40
75,51
76,51
77,60
78,31
79,72
80,45
81,26
82,69
83,71
84,76
85,31
86,67
87,62
88,63
89,44
90,54
91,35
92,51
93,78
94,40
95,61
96,76
97,54
98,70
99,51
100,64
1,10
2,11
3,11
4,11
5,13
6,14
7,13
8,16
9,15
10,17
11,18
12,18
13,19
14,16
15,19
16,19
17,13
18,14
19,23
20,17
21,16
22,20
23,21
24,20
25,25
26,19
27,20
28,20
29,23
30,24
31,24
32,34
33,21
34,25
35,30
36,35
37,28
38,31
39,28
40,39
41,39
42,38
43,38
44,37
45,37
46,44
47,40
48,47
49,44
50,25
51,43
52,41
53,24
54,37
55,35
56,38
57,24
58,32
59,40
60,48
61,34
62,46
63,50
64,47
65,31
66,32
67,39
68,58
69,40
70,44
71,57
72,35
73,31
74,57
75,47
76,27
77,68
78,47
79,66
80,64
81,37
82,55
83,31
84,58
85,47
86,74
87,49
88,43
89,32
90,45
91,61
92,52
93,54
94,41
95,60
96,44
97,41
98,79
99,38
100,41
1,10
2,11
3,11
4,12
5,12
6,12
7,12
8,12
9,14
10,13
11,13
12,17
13,17
14,17
15,18
16,21
17,20
18,23
19,23
20,17
21,24
22,22
23,26
24,28
25,24
26,24
27,25
28,19
29,22
30,19
31,23
32,31
33,34
34,19
35,19
36,22
37,22
38,18
39,37
40,26
41,24
42,25
43,26
44,45
45,33
46,34
47,41
48,39
49,29
50,27
51,48
52,40
53,51
54,26
55,32
56,25
57,26
58,43
59,47
60,53
61,28
62,59
63,55
64,39
65,34
66,48
67,27
68,54
69,55
70,57
71,37
72,38
73,67
74,36
75,40
76,54
77,71
78,34
79,27
80,63
81,42
82,45
83,45
84,65
85,64
86,76
87,36
88,40
89,49
90,50
91,42
92,71
93,66
94,30
95,69
96,45
97,49
98,45
99,77
100,46
1,10
2,11
3,11
4,13
5,11
6,13
7,14
8,13
9,13
10,13
11,18
12,16
13,15
14,14
15,21
16,14
17,16
18,21
19,14
20,18
21,17
22,27
23,16
24,27
25,15
26,22
27,31
28,23
29,29
30,20
31,24
32,32
33,18
34,25
35,27
36,27
37,18
38,39
39,23
40,26
41,18
42,26
43,31
44,38
45,26
46,27
47,42
48,33
49,37
50,26
51,44
52,38
53,24
54,25
55,31
56,30
57,47
58,41
59,38
60,50
61,45
62,37
63,51
64,41
65,40
66,55
67,28
68,43
69,41
70,62
71,43
72,47
73,67
74,50
75,33
76,48
77,63
78,30
79,70
80,50
81,30
82,33
83,51
84,48
85,63
86,70
87,52
88,33
89,32
90,78
91,33
92,54
93,43
94,78
95,85
96,47
97,57
98,48
99,54
100,60
1,10
2,11
3,11
4,11
5,13
6,13
7,15
8,16
9,15
10,15
11,15
12,17
13,14
14,19
15,15
16,19
17,22
18,17
19,18
20,22
21,15
22,25
23,22
24,23
25,23
26,29
27,30
28,22
29,30
30,26
31,17
32,29
33,18
34,20
35,37
36,20
37,39
38,19
39,35
40,30
41,39
42,24
43,43
44,20
45,28
46,23
47,30
48,21
49,37
50,31
51,28
52,44
53,32
54,24
55,36
56,51
57,24
58,35
59,50
60,47
61,47
62,29
63,42
64,31
65,47
66,34
67,36
68,55
69,41
70,27
71,50
72,60
73,28
74,44
75,49
76,41
77,65
78,70
79,70
80,40
81,69
82,59
83,61
84,31
85,66
86,39
87,36
88,61
89,42
90,29
91,60
92,59
93,77
94,53
95,82
96,57
97,82
98,40
99,84
100,68
1,10
2,11
3,11
4,13
5,12
6,14
7,15
8,14
9,15
10,18
11,17
12,18
13,16
14,16
15,20
16,20
17,20
18,20
19,15
20,21
21,18
22,18
23,21
24,23
25,22
26,19
27,30
28,23
29,17
30,31
31,32
32,25
33,26
34,33
35,21
36,18
37,22
38,20
39,35
40,40
41,26
42,43
43,42
44,31
45,33
46,45
47,31
48,44
49,39
50,22
51,43
52,26
53,32
54,47
55,34
56,39
57,53
58,45
59,28
60,27
61,24
62,26
63,23
64,49
65,41
66,29
67,27
68,52
69,41
70,47
71,39
72,61
73,51
74,57
75,57
76,47
77,27
78,52
79,61
80,68
81,42
82,42
83,56
84,51
85,67
86,54
87,64
88,58
89,33
90,31
91,80
92,71
93,76
94,79
95,46
96,50
97,65
98,69
99,36
100,38
1,10
2,11
3,11
4,11
5,13
6,14
7,15
8,14
9,16
10,15
11,15
12,19
13,18
14,15
15,18
16,14
17,15
18,14
19,22
20,26
21,24
22,20
23,20
24,27
25,28
26,20
27,30
28,22
29,19
30,17
31,22
32,31
33,33
34,31
35,31
36,29
37,37
38,29
39,21
40,24
41,40
42,36
43,37
44,38
45,27
46,28
47,45
48,46
49,28
50,37
51,31
52,36
53,23
54,52
55,31
56,28
57,33
58,28
59,23
60,33
61,56
62,24
63,54
64,48
65,34
66,50
67,57
68,24
69,60
70,24
71,35
72,34
73,29
74,26
75,63
76,43
77,49
78,26
79,26
80,55
81,69
82,53
83,71
84,52
85,70
86,35
87,59
88,76
89,58
90,78
91,33
92,79
93,72
94,69
95,56
96,43
97,73
98,70
99,73
100,75
1,10
2,11
3,11
4,11
5,12
6,14
7,11
8,13
9,14
10,15
11,16
12,17
13,17
14,21
15,13
16,19
17,21
18,19
19,18
20,26
21,14
22,23
23,24
24,20
25,22
26,26
27,24
28,22
29,20
30,17
31,24
32,27
33,18
34,31
35,18
36,22
37,21
38,30
39,28
40,35
41,24
42,41
43,19
44,42
45,28
46,34
47,25
48,35
49,42
50,49
51,22
52,21
53,44
54,52
55,34
56,39
57,53
58,22
59,28
60,22
61,28
62,38
63,29
64,51
65,26
66,54
67,52
68,50
69,54
70,33
71,64
72,63
73,35
74,29
75,55
76,32
77,37
78,26
79,43
80,26
81,65
82,28
83,29
84,50
85,38
86,47
87,37
88,58
89,77
90,41
91,33
92,54
93,55
94,36
95,78
96,69
97,40
98,87
99,34
100,81
1,10
2,11
3,11
4,11
5,13
6,13
7,15
8,16
9,12
10,18
11,14
12,16
13,16
14,20
15,21
16,15
17,21
18,16
19,16
20,21
21,14
22,27
23,17
24,26
25,19
26,25
27,28
28,31
29,29
30,29
31,22
32,31
33,17
34,32
35,37
36,36
37,30
38,40
39,35
40,32
41,19
42,24
43,30
44,39
45,37
46,40
47,31
48,40
49,20
50,33
51,30
52,38
53,21
54,51
55,26
56,42
57,53
58,24
59,44
60,57
61,29
62,42
63,46
64,41
65,46
66,25
67,56
68,46
69,31
70,66
71,53
72,27
73,60
74,33
75,32
76,34
77,36
78,43
79,72
80,36
81,61
82,48
83,62
84,44
85,64
86,50
87,49
88,30
89,40
90,58
91,49
92,29
93,80
94,63
95,76
96,85
97,51
98,69
99,73
100,44
1,10
2,11
3,11
4,11
5,11
6,14
7,12
8,14
9,14
10,18
11,16
12,15
13,19
14,15
15,13
16,14
17,23
18,15
19,21
20,19
21,26
22,18
23,24
24,18
25,28
26,19
27,22
28,21
29,32
30,29
31,23
32,33
33,21
34,23
35,30
36,34
37,31
38,26
39,30
40,20
41,36
42,21
43,22
44,28
45,45
46,20
47,22
48,35
49,26
50,23
51,42
52,46
53,46
54,30
55,23
56,36
57,42
58,46
59,44
60,36
61,37
62,37
63,49
64,57
65,28
66,46
67,47
68,33
69,43
70,29
71,54
72,43
73,60
74,49
75,61
76,67
77,49
78,69
79,56
80,44
81,29
82,41
83,49
84,69
85,45
86,29
87,40
88,50
89,35
90,58
91,47
92,52
93,37
94,40
95,81
96,74
97,74
98,80
99,55
100,31
1,10
2,11
3,11
4,11
5,13
6,14
7,14
8,15
9,14
10,15
11,14
12,14
13,14
14,13
15,21
16,20
17,15
18,21
19,16
20,25
21,22
22,20
23,26
24,20
25,18
26,16
27,31
28,23
29,28
30,17
31,21
32,23
33,33
34,34
35,36
36,37
37,38
38,24
39,19
40,36
41,31
42,29
43,30
44,45
45,28
46,32
47,43
48,39
49,20
50,47
51,49
52,30
53,47
54,25
55,24
56,40
57,55
58,30
59,35
60,34
61,22
62,24
63,44
64,25
65,59
66,46
67,32
68,33
69,38
70,66
71,58
72,62
73,33
74,27
75,40
76,61
77,58
78,70
79,61
80,52
81,58
82,41
83,75
84,29
85,44
86,56
87,70
88,80
89,60
90,82
91,34
92,73
93,69
94,72
95,58
96,33
97,43
98,80
99,40
100,79
1,10
2,11
3,11
4,13
5,12
6,12
7,12
8,13
9,14
10,18
11,17
12,18
13,14
14,17
15,20
16,20
17,15
18,22
19,18
20,25
21,22
22,23
23,16
24,17
25,19
26,24
27,16
28,18
29,30
30,16
31,23
32,26
33,17
34,20
35,30
36,36
37,26
38,25
39,36
40,42
41,33
42,31
43,28
44,20
45,24
46,27
47,27
48,42
49,29
50,37
51,42
52,51
53,40
54,33
55,32
56,42
57,24
58,32
59,49
60,51
61,30
62,42
63,38
64,50
65,39
66,51
67,60
68,54
69,40
70,30
71,31
72,55
73,56
74,41
75,51
76,46
77,62
78,40
79,63
80,69
81,34
82,29
83,75
84,43
85,40
86,61
87,61
88,60
89,43
90,28
91,31
92,81
93,79
94,55
95,61
96,48
97,70
98,30
99,73
100,65
1,10
2,11
3,11
4,12
5,11
6,14
7,11
8,13
9,13
10,17
11,15
12,14
13,13
14,17
15,14
16,18
17,20
18,14
19,14
20,26
21,19
22,15
23,24
24,21
25,25
26,25
27,29
28,24
29,19
30,32
31,17
32,33
33,31
34,22
35,22
36,38
37,29
38,21
39,22
40,21
41,32
42,31
43,35
44,19
45,41
46,43
47,36
48,25
49,20
50,41
51,36
52,47
53,50
54,26
55,44
56,46
57,35
58,51
59,43
60,42
61,47
62,56
63,46
64,35
65,61
66,38
67,62
68,56
69,32
70,25
71,63
72,51
73,62
74,60
75,31
76,31
77,28
78,40
79,59
80,30
81,74
82,42
83,51
84,29
85,29
86,62
87,59
88,76
89,28
90,64
91,56
92,57
93,51
94,63
95,40
96,82
97,80
98,87
99,40
100,48
1,10
2,11
3,11
4,12
5,12
6,13
7,11
8,12
9,12
10,12
11,13
12,16
13,16
14,16
15,19
16,22
17,23
18,18
19,18
20,22
21,16
22,24
23,15
24,17
25,15
26,16
27,15
28,21
29,30
30,16
31,17
32,28
33,23
34,23
35,22
36,38
37,34
38,21
39,27
40,40
41,37
42,27
43,21
44,44
45,20
46,23
47,37
48,30
49,26
50,24
51,21
52,24
53,38
54,26
55,28
56,39
57,48
58,22
59,29
60,56
61,51
62,30
63,42
64,23
65,36
66,40
67,61
68,29
69,34
70,26
71,63
72,42
73,67
74,69
75,66
76,39
77,39
78,56
79,44
80,60
81,72
82,60
83,51
84,27
85,55
86,73
87,54
88,76
89,35
90,55
91,67
92,29
93,42
94,74
95,42
96,52
97,50
98,86
99,74
100,38
1,10
2,11
3,11
4,11
5,11
6,13
7,15
8,14
9,13
10,16
11,13
12,15
13,15
14,18
15,17
16,20
17,19
18,19
19,22
20,22
21,16
22,18
23,27
24,24
25,27
26,27
27,22
28,29
29,22
30,22
31,27
32,26
33,17
34,35
35,20
36,18
37,26
38,37
39,19
40,19
41,34
42,37
43,23
44,43
45,42
46,39
47,38
48,29
49,47
50,49
51,20
52,35
53,48
54,41
55,39
56,23
57,44
58,27
59,50
60,53
61,55
62,50
63,46
64,35
65,55
66,55
67,24
68,44
69,46
70,41
71,52
72,35
73,66
74,40
75,67
76,32
77,51
78,53
79,53
80,67
81,65
82,59
83,27
84,58
85,50
86,73
87,61
88,80
89,59
90,82
91,42
92,30
93,29
94,56
95,71
96,67
97,64
98,81
99,64
100,39
1,10
2,11
3,11
4,12
5,11
6,13
7,14
8,15
9,14
10,14
11,12
12,14
13,16
14,15
15,17
16,15
17,17
18,20
19,19
20,24
21,15
22,26
23,16
24,17
25,19
26,16
27,17
28,30
29,32
30,25
31,22
32,22
33,26
34,18
35,26
36,18
37,31
38,32
39,35
40,36
41,37
42,37
43,26
44,28
45,21
46,22
47,28
48,27
49,26
50,38
51,24
52,35
53,26
54,44
55,45
56,46
57,46
58,47
59,54
60,35
61,33
62,58
63,39
64,41
65,61
66,48
67,45
68,44
69,31
70,31
71,25
72,58
73,44
74,63
75,69
76,32
77,56
78,58
79,58
80,59
81,36
82,36
83,40
84,40
85,77
86,70
87,56
88,38
89,69
90,39
91,33
92,48
93,81
94,54
95,62
96,81
97,48
98,88
99,82
100,72
1,10
2,11
3,11
4,13
5,13
6,12
7,12
8,14
9,13
10,14
11,13
12,16
13,18
14,18
15,14
16,22
17,23
18,16
19,24
20,22
21,26
22,26
23,26
24,23
25,29
26,20
27,19
28,17
29,22
30,23
31,31
32,33
33,30
34,23
35,23
36,26
37,18
38,19
39,22
40,33
41,18
42,20
43,38
44,35
45,39
46,42
47,31
48,26
49,46
50,38
51,31
52,26
53,29
54,22
55,53
56,38
57,31
58,52
59,41
60,49
61,53
62,25
63,49
64,58
65,41
66,39
67,45
68,39
69,36
70,49
71,46
72,67
73,43
74,63
75,43
76,38
77,46
78,68
79,30
80,57
81,27
82,70
83,38
84,66
85,57
86,44
87,76
88,38
89,57
90,80
91,49
92,43
93,71
94,33
95,48
96,37
97,48
98,83
99,73
100,82
1,10
2,11
3,11
4,11
5,11
6,12
7,12
8,12
9,16
10,16
11,15
12,19
13,17
14,16
15,16
16,17
17,13
18,19
19,18
20,18
21,23
22,18
23,17
24,16
25,16
26,19
27,28
28,31
29,32
30,30
31,18
32,27
33,29
34,35
35,30
36,38
37,18
38,31
39,27
40,31
41,37
42,19
43,41
44,34
45,30
46,26
47,21
48,29
49,47
50,35
51,24
52,21
53,34
54,39
55,30
56,27
57,33
58,48
59,24
60,33
61,36
62,58
63,43
64,47
65,59
66,54
67,26
68,38
69,33
70,49
71,50
72,67
73,46
74,68
75,53
76,43
77,62
78,57
79,57
80,36
81,69
82,28
83,74
84,54
85,32
86,48
87,77
88,75
89,38
90,30
91,32
92,81
93,77
94,70
95,80
96,43
97,58
98,74
99,37
100,37
1,10
2,11
3,11
4,12
5,12
6,13
7,15
8,16
9,16
10,15
11,12
12,14
13,15
14,21
15,19
16,14
17,18
18,19
19,19
20,17
21,17
22,27
23,26
24,24
25,27
26,26
27,19
28,31
29,17
30,18
31,27
32,26
33,29
34,25
35,29
36,20
37,17
38,23
39,21
40,40
41,41
42,25
43,41
44,35
45,34
46,41
47,29
48,22
49,38
50,33
51,49
52,26
53,41
54,23
55,31
56,22
57,34
58,39
59,52
60,24
61,37
62,43
63,40
64,34
65,45
66,53
67,61
68,41
69,42
70,63
71,30
72,28
73,25
74,52
75,25
76,37
77,47
78,64
79,46
80,64
81,56
82,37
83,40
84,38
85,40
86,60
87,74
88,39
89,48
90,37
91,45
92,31
93,36
94,60
95,55
96,74
97,83
98,56
99,81
100,31
1,10
2,11
3,11
4,12
5,13
6,13
7,12
8,13
9,14
10,18
11,17
12,17
13,16
14,16
15,18
16,21
17,19
18,15
19,19
20,26
21,18
22,17
23,22
24,23
25,15
26,20
27,22
28,20
29,23
30,34
31,21
32,34
33,29
34,20
35,34
36,25
37,26
38,29
39,19
40,24
41,39
42,41
43,37
44,23
45,27
46,30
47,28
48,35
49,24
50,23
51,25
52,32
53,41
54,22
55,36
56,37
57,25
58,23
59,38
60,56
61,37
62,58
63,28
64,29
65,27
66,48
67,49
68,43
69,30
70,50
71,60
72,36
73,49
74,60
75,27
76,48
77,40
78,56
79,48
80,64
81,65
82,65
83,66
84,48
85,73
86,52
87,66
88,75
89,31
90,71
91,68
92,78
93,40
94,37
95,84
96,71
97,65
98,70
99,53
100,69
1,10
2,11
3,11
4,13
5,11
6,14
7,12
8,14
9,16
10,14
11,14
12,13
13,14
14,20
15,19
16,16
17,20
18,21
19,14
20,22
21,25
22,16
23,25
24,25
25,22
26,16
27,18
28,30
29,22
30,32
31,19
32,32
33,31
34,26
35,29
36,21
37,26
38,21
39,28
40,33
41,32
42,29
43,34
44,36
45,41
46,34
47,35
48,47
49,25
50,37
51,31
52,22
53,46
54,39
55,31
56,49
57,54
58,56
59,35
60,41
61,30
62,59
63,28
64,36
65,52
66,52
67,45
68,31
69,53
70,45
71,43
72,52
73,54
74,59
75,43
76,67
77,53
78,51
79,29
80,73
81,45
82,70
83,61
84,58
85,55
86,54
87,66
88,69
89,49
90,69
91,69
92,56
93,48
94,44
95,67
96,71
97,79
98,63
99,51
100,87
1,10
2,11
3,11
4,12
5,11
6,14
7,11
8,12
9,14
10,18
11,15
12,19
13,14
14,21
15,18
16,16
17,17
18,16
19,24
20,14
21,21
22,19
23,23
24,29
25,25
26,18
27,21
28,27
29,29
30,19
31,24
32,20
33,27
34,31
35,35
36,20
37,18
38,30
39,31
40,35
41,18
42,31
43,29
44,29
45,44
46,39
47,25
48,21
49,39
50,36
51,43
52,37
53,21
54,41
55,49
56,27
57,40
58,51
59,45
60,37
61,23
62,23
63,57
64,42
65,38
66,62
67,34
68,55
69,51
70,58
71,48
72,52
73,48
74,58
75,26
76,48
77,49
78,58
79,33
80,32
81,74
82,42
83,57
84,52
85,40
86,45
87,28
88,61
89,64
90,60
91,30
92,80
93,71
94,64
95,82
96,60
97,80
98,37
99,57
100,55
1,10
2,11
3,11
4,11
5,13
6,13
7,12
8,12
9,14
10,17
11,16
12,13
13,14
14,14
15,20
16,16
17,18
18,20
19,20
20,26
21,18
22,23
23,15
24,18
25,29
26,21
27,15
28,21
29,28
30,33
31,17
32,28
33,24
34,32
35,24
36,25
37,32
38,36
39,34
40,22
41,39
42,25
43,25
44,40
45,39
46,46
47,36
48,26
49,22
50,21
51,46
52,44
53,37
54,24
55,48
56,33
57,28
58,25
59,24
60,26
61,40
62,36
63,46
64,25
65,43
66,30
67,44
68,39
69,54
70,52
71,60
72,53
73,40
74,67
75,34
76,29
77,58
78,66
79,38
80,56
81,60
82,29
83,69
84,48
85,44
86,61
87,59
88,34
89,76
90,77
91,42
92,29
93,72
94,42
95,66
96,43
97,81
98,56
99,31
100,44
1,10
2,11
3,11
4,13
5,13
6,13
7,12
8,15
9,16
10,18
11,15
12,19
13,16
14,15
15,15
16,20
17,19
18,16
19,19
20,17
21,18
22,22
23,25
24,27
25,29
26,28
27,18
28,31
29,18
30,16
31,32
32,23
33,26
34,33
35,36
36,36
37,20
38,18
39,36
40,28
41,23
42,24
43,38
44,38
45,33
46,24
47,31
48,31
49,34
50,25
51,47
52,50
53,33
54,40
55,30
56,37
57,54
58,50
59,53
60,55
61,39
62,51
63,41
64,27
65,30
66,52
67,62
68,52
69,49
70,51
71,55
72,44
73,29
74,66
75,66
76,46
77,41
78,62
79,54
80,26
81,66
82,29
83,42
84,27
85,64
86,66
87,49
88,29
89,52
90,29
91,62
92,46
93,65
94,47
95,42
96,64
97,70
98,56
99,64
100,46
1,10
2,11
3,11
4,11
5,11
6,12
7,11
8,16
9,16
10,15
11,15
12,14
13,14
14,20
15,13
16,21
17,21
18,14
19,14
20,16
21,25
22,20
23,23
24,19
25,29
26,28
27,29
28,24
29,23
30,31
31,22
32,27
33,24
34,25
35,24
36,33
37,19
38,36
39,35
40,32
41,30
42,34
43,40
44,38
45,36
46,40
47,45
48,40
49,47
50,36
51,23
52,36
53,34
54,26
55,34
56,32
57,47
58,32
59,49
60,24
61,24
62,28
63,55
64,26
65,55
66,41
67,35
68,49
69,48
70,42
71,44
72,59
73,50
74,27
75,46
76,35
77,47
78,47
79,32
80,26
81,51
82,66
83,67
84,70
85,66
86,40
87,51
88,41
89,50
90,29
91,66
92,49
93,31
94,65
95,68
96,35
97,72
98,36
99,56
100,41
1,10
2,11
3,11
4,11
5,12
6,13
7,11
8,15
9,13
10,16
11,17
12,16
13,15
14,13
15,15
16,19
17,18
18,14
19,19
20,21
21,16
22,15
23,25
24,28
25,25
26,18
27,23
28,21
29,21
30,16
31,28
32,34
33,33
34,31
35,21
36,33
37,20
38,39
39,34
40,40
41,36
42,29
43,35
44,44
45,42
46,22
47,43
48,36
49,40
50,21
51,35
52,38
53,41
54,51
55,30
56,48
57,35
58,56
59,54
60,22
61,58
62,38
63,52
64,49
65,55
66,36
67,56
68,24
69,52
70,64
71,30
72,35
73,30
74,45
75,46
76,61
77,64
78,55
79,45
80,26
81,64
82,56
83,54
84,37
85,55
86,35
87,46
88,48
89,40
90,50
91,69
92,32
93,65
94,40
95,62
96,68
97,81
98,39
99,57
100,83
1,10
2,11
3,11
4,11
5,13
6,13
7,11
8,12
9,15
10,17
11,17
12,14
13,15
14,15
15,17
16,18
17,21
18,23
19,17
20,17
21,14
22,21
23,26
24,28
25,15
26,21
27,23
28,29
29,27
30,32
31,20
32,26
33,26
34,21
35,29
36,37
37,20
38,32
39,36
40,21
41,23
42,42
43,39
44,20
45,34
46,26
47,44
48,32
49,43
50,25
51,35
52,37
53,24
54,50
55,23
56,35
57,33
58,25
59,53
60,40
61,46
62,23
63,25
64,28
65,54
66,57
67,44
68,31
69,45
70,39
71,49
72,47
73,59
74,35
75,69
76,34
77,68
78,29
79,31
80,33
81,47
82,67
83,73
84,57
85,70
86,77
87,33
88,36
89,37
90,54
91,69
92,55
93,40
94,60
95,29
96,56
97,35
98,34
99,86
100,51
1,10
2,11
3,11
4,13
5,13
6,14
7,11
8,15
9,16
10,14
11,12
12,13
13,16
14,18
15,13
16,15
17,23
18,17
19,14
20,25
21,15
22,18
23,15
24,24
25,29
26,21
27,30
28,31
29,31
30,24
31,34
32,31
33,30
34,37
35,30
36,35
37,35
38,23
39,36
40,18
41,25
42,22
43,39
44,35
45,20
46,40
47,20
48,32
49,43
50,32
51,37
52,30
53,38
54,27
55,35
56,49
57,26
58,26
59,41
60,47
61,37
62,27
63,36
64,54
65,60
66,27
67,24
68,47
69,24
70,42
71,43
72,61
73,63
74,25
75,31
76,45
77,55
78,42
79,28
80,61
81,32
82,40
83,59
84,34
85,70
86,42
87,49
88,49
89,33
90,76
91,72
92,51
93,47
94,50
95,55
96,40
97,82
98,85
99,32
100,54
1,10
2,11
3,11
4,12
5,11
6,14
7,12
8,13
9,14
10,13
11,12
12,16
13,15
14,15
15,18
16,22
17,18
18,20
19,17
20,22
21,23
22,24
23,18
24,16
25,15
26,29
27,23
28,32
29,30
30,27
31,32
32,20
33,26
34,20
35,35
36,34
37,26
38,31
39,22
40,33
41,29
42,43
43,43
44,41
45,23
46,30
47,23
48,34
49,35
50,45
51,49
52,49
53,44
54,49
55,33
56,49
57,25
58,28
59,37
60,44
61,39
62,50
63,59
64,46
65,46
66,46
67,34
68,28
69,26
70,48
71,51
72,50
73,26
74,42
75,35
76,56
77,42
78,57
79,33
80,35
81,29
82,40
83,74
84,36
85,57
86,78
87,78
88,42
89,46
90,76
91,66
92,59
93,50
94,45
95,84
96,69
97,51
98,50
99,52
100,51
1,10
2,11
3,11
4,13
5,13
6,12
7,15
8,13
9,12
10,15
11,17
12,14
13,17
14,16
15,13
16,19
17,23
18,17
19,18
20,17
21,16
22,24
23,24
24,28
25,24
26,23
27,15
28,30
29,16
30,24
31,25
32,33
33,32
34,26
35,23
36,31
37,24
38,27
39,26
40,22
41,29
42,35
43,36
44,23
45,43
46,21
47,34
48,47
49,35
50,50
51,28
52,28
53,34
54,46
55,24
56,54
57,22
58,25
59,29
60,45
61,52
62,37
63,47
64,53
65,39
66,35
67,36
68,55
69,53
70,31
71,46
72,32
73,54
74,42
75,25
76,67
77,67
78,63
79,45
80,47
81,47
82,27
83,34
84,53
85,55
86,73
87,34
88,53
89,49
90,35
91,31
92,77
93,45
94,85
95,32
96,78
97,50
98,42
99,65
100,68
1,10
2,11
3,11
4,13
5,12
6,12
7,15
8,12
9,12
10,12
11,17
12,13
13,19
14,15
15,16
16,20
17,20
18,18
19,17
20,25
21,19
22,22
23,21
24,24
25,17
26,17
27,24
28,25
29,31
30,19
31,19
32,26
33,29
34,19
35,33
36,33
37,26
38,24
39,39
40,36
41,33
42,37
43,37
44,26
45,32
46,40
47,38
48,37
49,43
50,29
51,42
52,32
53,21
54,32
55,47
56,49
57,51
58,51
59,49
60,38
61,38
62,49
63,47
64,50
65,33
66,27
67,41
68,26
69,52
70,60
71,56
72,38
73,42
74,62
75,31
76,29
77,33
78,54
79,26
80,68
81,66
82,48
83,38
84,77
85,34
86,31
87,33
88,66
89,57
90,65
91,43
92,52
93,53
94,53
95,47
96,60
97,87
98,88
99,68
100,87
1,10
2,11
3,11
4,11
5,13
6,13
7,13
8,12
9,14
10,15
11,18
12,13
13,15
14,13
15,15
16,20
17,15
18,21
19,24
20,22
21,23
22,15
23,20
24,16
25,18
26,29
27,16
28,31
29,31
30,27
31,17
32,26
33,19
34,22
35,31
36,30
37,27
38,28
39,39
40,22
41,23
42,35
43,40
44,20
45,40
46,45
47,30
48,31
49,29
50,38
51,22
52,35
53,50
54,46
55,25
56,37
57,46
58,49
59,27
60,52
61,58
62,54
63,41
64,48
65,24
66,51
67,35
68,61
69,26
70,28
71,27
72,41
73,60
74,61
75,69
76,68
77,34
78,50
79,26
80,39
81,51
82,62
83,27
84,74
85,65
86,76
87,62
88,45
89,28
90,55
91,30
92,41
93,69
94,75
95,29
96,51
97,44
98,47
99,56
100,59
1,10
2,11
3,11
4,13
5,12
6,12
7,15
8,14
9,15
10,15
11,18
12,19
13,16
14,18
15,20
16,17
17,15
18,14
19,15
20,17
21,22
22,27
23,23
24,25
25,21
26,29
27,22
28,30
29,17
30,30
31,18
32,17
33,26
34,30
35,31
36,30
37,35
38,20
39,28
40,20
41,18
42,33
43,22
44,37
45,27
46,37
47,41
48,25
49,40
50,46
51,39
52,36
53,42
54,32
55,47
56,36
57,50
58,49
59,53
60,30
61,47
62,41
63,34
64,41
65,33
66,53
67,44
68,44
69,33
70,53
71,29
72,28
73,34
74,51
75,49
76,69
77,63
78,29
79,30
80,61
81,51
82,57
83,27
84,43
85,30
86,34
87,47
88,63
89,73
90,73
91,54
92,60
93,82
94,53
95,73
96,34
97,76
98,37
99,57
100,37
1,10
2,11
3,11
4,12
5,11
6,13
7,12
8,16
9,12
10,13
11,17
12,17
13,18
14,16
15,16
16,21
17,17
18,16
19,23
20,19
21,17
22,23
23,22
24,20
25,26
26,30
27,18
28,26
29,17
30,32
31,26
32,26
33,19
34,31
35,33
36,36
37,35
38,34
39,34
40,31
41,25
42,35
43,41
44,32
45,32
46,40
47,47
48,29
49,42
50,28
51,44
52,41
53,43
54,53
55,46
56,53
57,37
58,39
59,34
60,38
61,41
62,46
63,53
64,37
65,48
66,37
67,51
68,41
69,28
70,28
71,25
72,62
73,62
74,51
75,40
76,40
77,64
78,39
79,46
80,61
81,66
82,62
83,47
84,31
85,49
86,73
87,79
88,80
89,53
90,53
91,65
92,68
93,37
94,63
95,85
96,36
97,80
98,51
99,64
100,43
1,10
2,11
3,11
4,12
5,12
6,14
7,12
8,12
9,12
10,17
11,14
12,17
13,15
14,20
15,15
16,19
17,21
18,21
19,15
20,20
21,19
22,25
23,20
24,24
25,15
26,17
27,22
28,22
29,18
30,23
31,29
32,34
33,25
34,28
35,36
36,37
37,18
38,28
39,35
40,27
41,24
42,28
43,27
44,37
45,27
46,43
47,47
48,36
49,45
50,48
51,24
52,43
53,38
54,51
55,42
56,26
57,53
58,41
59,56
60,43
61,29
62,46
63,47
64,53
65,49
66,59
67,30
68,54
69,57
70,25
71,29
72,61
73,66
74,36
75,36
76,50
77,69
78,26
79,66
80,42
81,54
82,74
83,53
84,36
85,49
86,64
87,46
88,47
89,53
90,55
91,40
92,34
93,62
94,43
95,46
96,54
97,41
98,53
99,38
100,37
1,10
2,11
3,11
4,12
5,11
6,13
7,13
8,12
9,15
10,14
11,14
12,19
13,16
14,18
15,14
16,14
17,16
18,15
19,23
20,19
21,24
22,20
23,26
24,20
25,23
26,27
27,30
28,22
29,18
30,17
31,23
32,22
33,25
34,25
35,22
36,26
37,32
38,33
39,38
40,28
41,28
42,42
43,37
44,29
45,44
46,42
47,25
48,46
49,42
50,23
51,25
52,34
53,26
54,27
55,53
56,38
57,29
58,38
59,37
60,57
61,33
62,50
63,48
64,55
65,35
66,37
67,24
68,24
69,48
70,38
71,42
72,64
73,46
74,51
75,42
76,67
77,31
78,48
79,59
80,57
81,47
82,49
83,41
84,59
85,34
86,53
87,43
88,29
89,57
90,76
91,66
92,51
93,76
94,81
95,57
96,66
97,32
98,76
99,54
100,90
1,10
2,11
3,11
4,12
5,12
6,14
7,15
8,13
9,16
10,13
11,18
12,14
13,15
14,20
15,14
16,17
17,13
18,15
19,14
20,14
21,25
22,16
23,15
24,21
25,17
26,28
27,30
28,26
29,31
30,31
31,20
32,24
33,21
34,18
35,27
36,38
37,18
38,20
39,39
40,26
41,42
42,32
43,37
44,19
45,20
46,32
47,36
48,25
49,39
50,33
51,38
52,31
53,25
54,28
55,22
56,22
57,39
58,26
59,22
60,45
61,31
62,42
63,58
64,42
65,32
66,62
67,46
68,47
69,36
70,62
71,44
72,57
73,61
74,53
75,58
76,27
77,58
78,43
79,47
80,31
81,42
82,31
83,65
84,50
85,44
86,48
87,53
88,65
89,50
90,74
91,39
92,45
93,83
94,75
95,31
96,86
97,42
98,33
99,51
100,72
1,10
2,11
3,11
4,11
5,13
6,12
7,15
8,15
9,12
10,13
11,13
12,14
13,13
14,17
15,19
16,19
17,17
18,14
19,20
20,18
21,25
22,17
23,22
24,27
25,23
26,28
27,24
28,32
29,19
30,19
31,20
32,19
33,24
34,32
35,26
36,26
37,33
38,28
39,21
40,23
41,32
42,42
43,43
44,31
45,21
46,32
47,33
48,33
49,40
50,32
51,35
52,34
53,21
54,44
55,24
56,26
57,41
58,30
59,54
60,53
61,29
62,39
63,59
64,59
65,41
66,27
67,32
68,48
69,30
70,24
71,61
72,29
73,40
74,60
75,49
76,63
77,61
78,36
79,32
80,53
81,42
82,72
83,63
84,67
85,58
86,66
87,45
88,71
89,66
90,48
91,79
92,51
93,63
94,82
95,70
96,41
97,52
98,44
99,69
100,53
1,10
2,11
3,11
4,12
5,11
6,12
7,12
8,12
9,13
10,14
11,17
12,14
13,19
14,20
15,17
16,20
17,16
18,22
19,15
20,24
21,21
22,20
23,23
24,24
25,25
26,21
27,19
28,27
29,30
30,33
31,19
32,19
33,21
34,25
35,21
36,30
37,27
38,18
39,35
40,40
41,23
42,24
43,24
44,43
45,45
46,41
47,28
48,23
49,40
50,31
51,47
52,22
53,24
54,32
55,37
56,26
57,40
58,35
59,39
60,35
61,40
62,34
63,49
64,48
65,54
66,25
67,42
68,35
69,50
70,61
71,53
72,30
73,55
74,66
75,63
76,48
77,53
78,47
79,55
80,34
81,31
82,62
83,72
84,46
85,57
86,39
87,59
88,57
89,28
90,57
91,56
92,31
93,51
94,40
95,83
96,53
97,80
98,72
99,41
100,45
1,10
2,11
3,11
4,12
5,11
6,12
7,12
8,14
9,12
10,13
11,12
12,16
13,16
14,16
15,18
16,21
17,20
18,21
19,17
20,26
21,17
22,16
23,15
24,19
25,18
26,22
27,24
28,26
29,19
30,22
31,30
32,31
33,25
34,18
35,17
36,22
37,22
38,29
39,38
40,41
41,35
42,43
43,20
44,42
45,21
46,25
47,40
48,46
49,26
50,48
51,29
52,31
53,28
54,23
55,47
56,37
57,28
58,53
59,25
60,31
61,23
62,46
63,34
64,43
65,59
66,56
67,30
68,53
69,51
70,33
71,41
72,36
73,42
74,41
75,32
76,31
77,37
78,49
79,54
80,56
81,38
82,73
83,38
84,75
85,55
86,43
87,68
88,34
89,40
90,70
91,29
92,73
93,79
94,80
95,52
96,79
97,43
98,50
99,35
100,83
1,10
2,11
3,11
4,11
5,12
6,14
7,12
8,14
9,12
10,12
11,15
12,18
13,19
14,17
15,16
16,20
17,18
18,20
19,20
20,19
21,24
22,15
23,17
24,15
25,29
26,16
27,15
28,31
29,23
30,26
31,24
32,17
33,27
34,25
35,24
36,19
37,26
38,24
39,32
40,34
41,38
42,37
43,28
44,29
45,45
46,20
47,46
48,40
49,46
50,47
51,42
52,46
53,25
54,23
55,30
56,41
57,26
58,39
59,28
60,48
61,26
62,58
63,47
64,57
65,46
66,45
67,44
68,41
69,55
70,35
71,31
72,36
73,66
74,62
75,46
76,63
77,44
78,50
79,65
80,42
81,35
82,47
83,45
84,44
85,75
86,39
87,41
88,45
89,32
90,76
91,76
92,53
93,46
94,50
95,40
96,75
97,46
98,56
99,78
100,71
1,10
2,11
3,11
4,12
5,12
6,12
7,12
8,15
9,13
10,14
11,12
12,16
13,18
14,17
15,14
16,14
17,20
18,17
19,24
20,15
21,23
22,18
23,25
24,29
25,23
26,19
27,20
28,29
29,24
30,25
31,27
32,33
33,24
34,31
35,18
36,28
37,37
38,23
39,25
40,38
41,31
42,37
43,43
44,45
45,33
46,34
47,27
48,31
49,40
50,30
51,39
52,42
53,22
54,30
55,46
56,36
57,36
58,23
59,38
60,48
61,33
62,45
63,24
64,46
65,37
66,56
67,44
68,49
69,25
70,29
71,45
72,28
73,45
74,63
75,42
76,49
77,47
78,58
79,71
80,57
81,63
82,32
83,36
84,34
85,59
86,34
87,36
88,79
89,53
90,49
91,37
92,51
93,78
94,83
95,36
96,63
97,86
98,36
99,81
100,62
1,10
2,11
3,11
4,13
5,11
6,12
7,14
8,16
9,13
10,15
11,12
12,14
13,17
14,16
15,14
16,22
17,15
18,21
19,17
20,24
21,26
22,26
23,27
24,26
25,15
26,19
27,17
28,26
29,23
30,28
31,22
32,31
33,21
34,33
35,29
36,19
37,38
38,37
39,26
40,39
41,18
42,37
43,24
44,21
45,31
46,25
47,41
48,47
49,21
50,39
51,28
52,31
53,24
54,39
55,40
56,45
57,30
58,40
59,26
60,55
61,54
62,58
63,24
64,47
65,41
66,50
67,35
68,32
69,47
70,48
71,50
72,29
73,42
74,43
75,58
76,58
77,43
78,54
79,56
80,59
81,27
82,55
83,48
84,29
85,38
86,62
87,58
88,79
89,54
90,65
91,61
92,56
93,80
94,62
95,51
96,59
97,57
98,48
99,60
100,82
1,10
2,11
3,11
4,13
5,13
6,14
7,13
8,12
9,14
10,18
11,15
12,17
13,13
14,19
15,15
16,18
17,23
18,20
19,14
20,26
21,26
22,15
23,25
24,21
25,22
26,23
27,28
28,31
29,29
30,28
31,34
32,18
33,17
34,28
35,24
36,36
37,19
38,19
39,24
40,18
41,42
42,27
43,27
44,31
45,21
46,32
47,29
48,36
49,45
50,46
51,27
52,48
53,29
54,38
55,53
56,33
57,35
58,50
59,56
60,30
61,50
62,34
63,57
64,26
65,47
66,50
67,48
68,31
69,64
70,48
71,37
72,67
73,32
74,65
75,67
76,68
77,26
78,65
79,57
80,70
81,50
82,60
83,63
84,50
85,44
86,76
87,53
88,54
89,47
90,38
91,40
92,51
93,59
94,77
95,54
96,32
97,76
98,59
99,42
100,65
1,10
2,11
3,11
4,12
5,12
6,14
7,12
8,12
9,15
10,12
11,18
12,18
13,19
14,17
15,19
16,19
17,15
18,17
19,20
20,21
21,21
22,27
23,20
24,18
25,18
26,16
27,26
28,26
29,20
30,17
31,30
32,34
33,34
34,33
35,22
36,34
37,19
38,40
39,24
40,31
41,27
42,29
43,41
44,40
45,28
46,27
47,28
48,41
49,31
50,30
51,45
52,31
53,44
54,30
55,51
56,45
57,48
58,26
59,36
60,22
61,31
62,49
63,28
64,52
65,53
66,58
67,35
68,54
69,37
70,51
71,40
72,65
73,41
74,31
75,37
76,44
77,44
78,69
79,34
80,44
81,45
82,62
83,73
84,72
85,53
86,75
87,28
88,51
89,57
90,63
91,68
92,38
93,42
94,85
95,37
96,58
97,33
98,81
99,39
100,48
1,10
2,11
3,11
4,13
5,13
6,12
7,11
8,15
9,12
10,15
11,12
12,18
13,17
14,15
15,15
16,19
17,23
18,24
19,23
20,26
21,15
22,21
23,26
24,24
25,26
26,24
27,24
28,32
29,17
30,22
31,34
32,25
33,32
34,26
35,37
36,37
37,21
38,38
39,22
40,33
41,37
42,34
43,36
44,38
45,23
46,42
47,45
48,47
49,27
50,49
51,21
52,37
53,27
54,36
55,52
56,45
57,26
58,31
59,55
60,51
61,53
62,35
63,44
64,45
65,55
66,48
67,56
68,51
69,54
70,25
71,65
72,33
73,63
74,66
75,29
76,57
77,63
78,33
79,61
80,69
81,70
82,68
83,68
84,58
85,40
86,46
87,47
88,79
89,30
90,61
91,39
92,79
93,78
94,45
95,29
96,84
97,86
98,78
99,70
100,73
1,10
2,11
3,11
4,11
5,12
6,12
7,11
8,16
9,16
10,17
11,17
12,15
13,13
14,17
15,21
16,15
17,15
18,17
19,14
20,18
21,14
22,20
23,22
24,23
25,29
26,29
27,15
28,26
29,18
30,20
31,34
32,17
33,26
34,24
35,37
36,29
37,23
38,21
39,37
40,35
41,18
42,34
43,19
44,32
45,33
46,23
47,31
48,33
49,32
50,31
51,36
52,30
53,25
54,48
55,32
56,24
57,48
58,31
59,30
60,37
61,50
62,52
63,46
64,58
65,51
66,27
67,24
68,45
69,51
70,54
71,58
72,29
73,58
74,59
75,65
76,29
77,48
78,26
79,60
80,26
81,49
82,70
83,36
84,34
85,75
86,42
87,29
88,62
89,59
90,50
91,82
92,59
93,50
94,43
95,29
96,40
97,41
98,84
99,62
100,76
1,10
2,11
3,11
4,12
5,13
6,12
7,11
8,14
9,13
10,15
11,14
12,13
13,18
14,19
15,21
16,18
17,16
18,19
19,21
20,26
21,20
22,18
23,20
24,15
25,22
26,28
27,23
28,16
29,17
30,30
31,24
32,21
33,25
34,24
35,24
36,31
37,21
38,34
39,25
40,25
41,23
42,42
43,26
44,43
45,21
46,20
47,27
48,44
49,23
50,26
51,23
52,47
53,42
54,46
55,42
56,27
57,53
58,49
59,35
60,22
61,36
62,58
63,42
64,35
65,60
66,41
67,29
68,40
69,41
70,58
71,54
72,38
73,38
74,48
75,52
76,53
77,68
78,56
79,29
80,32
81,34
82,61
83,37
84,33
85,36
86,69
87,69
88,35
89,70
90,63
91,36
92,63
93,66
94,54
95,69
96,39
97,63
98,60
99,56
100,63
1,10
2,11
3,11
4,12
5,13
6,14
7,15
8,16
9,12
10,16
11,14
12,13
13,17
14,18
15,20
16,18
17,19
18,19
19,24
20,21
21,16
22,22
23,22
24,29
25,28
26,23
27,23
28,22
29,16
30,29
31,26
32,21
33,17
34,25
35,30
36,34
37,18
38,22
39,27
40,23
41,37
42,36
43,26
44,24
45,44
46,46
47,32
48,47
49,27
50,23
51,34
52,38
53,43
54,50
55,40
56,38
57,51
58,43
59,22
60,23
61,43
62,35
63,48
64,43
65,42
66,38
67,49
68,28
69,47
70,61
71,45
72,27
73,64
74,35
75,69
76,65
77,32
78,33
79,40
80,26
81,35
82,57
83,40
84,30
85,48
86,41
87,39
88,71
89,55
90,30
91,33
92,75
93,68
94,62
95,34
96,69
97,78
98,84
99,57
100,41
1,10
2,11
3,11
4,11
5,12
6,14
7,14
8,12
9,15
10,12
11,18
12,16
13,16
14,15
15,13
16,21
17,21
18,20
19,21
20,26
21,14
22,15
23,18
24,22
25,24
26,21
27,23
28,27
29,24
30,25
31,23
32,23
33,20
34,21
35,29
36,25
37,35
38,18
39,23
40,36
41,33
42,23
43,20
44,36
45,26
46,41
47,47
48,42
49,31
50,36
51,26
52,39
53,28
54,26
55,38
56,27
57,42
58,27
59,44
60,28
61,45
62,28
63,49
64,30
65,36
66,33
67,53
68,48
69,40
70,35
71,32
72,49
73,41
74,57
75,44
76,70
77,37
78,57
79,32
80,31
81,68
82,46
83,46
84,67
85,53
86,39
87,42
88,63
89,30
90,37
91,61
92,71
93,77
94,54
95,62
96,39
97,38
98,82
99,50
100,84
1,10
2,11
3,11
4,13
5,11
6,13
7,13
8,14
9,14
10,12
11,16
12,19
13,17
14,13
15,14
16,21
17,14
18,16
19,17
20,21
21,25
22,19
23,21
24,16
25,17
26,22
27,29
28,23
29,22
30,17
31,26
32,18
33,27
34,27
35,23
36,24
37,23
38,37
39,19
40,40
41,21
42,35
43,26
44,21
45,24
46,37
47,37
48,20
49,22
50,32
51,50
52,23
53,23
54,46
55,48
56,47
57,39
58,39
59,50
60,37
61,28
62,38
63,45
64,29
65,48
66,27
67,57
68,46
69,35
70,34
71,41
72,26
73,44
74,51
75,32
76,63
77,38
78,40
79,57
80,74
81,67
82,30
83,67
84,39
85,76
86,57
87,27
88,46
89,51
90,52
91,54
92,70
93,61
94,66
95,76
96,61
97,83
98,74
99,72
100,36
1,10
2,11
3,11
4,11
5,12
6,12
7,11
8,12
9,14
10,16
11,12
12,17
13,14
14,20
15,20
16,20
17,14
18,20
19,24
20,15
21,25
22,16
23,26
24,27
25,27
26,18
27,18
28,22
29,24
30,28
31,20
32,27
33,32
34,31
35,23
36,19
37,33
38,38
39,28
40,27
41,37
42,29
43,35
44,31
45,37
46,30
47,28
48,44
49,32
50,26
51,30
52,50
53,42
54,41
55,52
56,26
57,21
58,39
59,33
60,38
61,55
62,55
63,29
64,24
65,35
66,38
67,58
68,52
69,56
70,55
71,32
72,44
73,31
74,68
75,63
76,61
77,25
78,50
79,62
80,36
81,58
82,68
83,67
84,49
85,44
86,58
87,32
88,62
89,33
90,71
91,29
92,54
93,82
94,75
95,75
96,60
97,79
98,53
99,49
100,34
1,10
2,11
3,11
4,13
5,12
6,13
7,14
8,13
9,13
10,16
11,17
12,14
13,17
14,15
15,21
16,20
17,21
18,16
19,24
20,14
21,24
22,15
23,17
24,16
25,26
26,22
27,22
28,17
29,18
30,18
31,17
32,31
33,30
34,27
35,26
36,28
37,21
38,40
39,19
40,41
41,25
42,38
43,20
44,39
45,31
46,31
47,26
48,22
49,41
50,26
51,39
52,44
53,43
54,23
55,44
56,35
57,35
58,30
59,23
60,39
61,29
62,35
63,43
64,28
65,43
66,29
67,57
68,48
69,32
70,54
71,41
72,42
73,63
74,61
75,39
76,48
77,38
78,35
79,40
80,62
81,55
82,67
83,27
84,38
85,48
86,65
87,74
88,49
89,74
90,71
91,47
92,80
93,67
94,31
95,39
96,53
97,33
98,37
99,78
100,58
1,10
2,11
3,11
4,12
5,11
6,13
7,11
8,14
9,12
10,16
11,17
12,16
13,15
14,20
15,16
16,20
17,14
18,22
19,14
20,17
21,25
22,24
23,18
24,20
25,18
26,28
27,23
28,26
29,16
30,18
31,34
32,28
33,31
34,29
35,17
36,24
37,17
38,24
39,31
40,39
41,23
42,38
43,22
44,19
45,25
46,43
47,21
48,40
49,45
50,43
51,22
52,34
53,38
54,23
55,46
56,26
57,54
58,54
59,26
60,29
61,42
62,34
63,50
64,25
65,34
66,29
67,30
68,32
69,57
70,38
71,36
72,47
73,58
74,45
75,58
76,52
77,55
78,72
79,58
80,32
81,45
82,41
83,28
84,51
85,33
86,62
87,64
88,50
89,49
90,58
91,56
92,31
93,83
94,37
95,45
96,58
97,70
98,36
99,69
100,74
1,10
2,11
3,11
4,12
5,13
6,12
7,12
8,15
9,16
10,12
11,14
12,18
13,16
14,14
15,21
16,18
17,20
18,21
19,23
20,16
21,22
22,20
23,18
24,29
25,17
26,23
27,15
28,32
29,32
30,33
31,24
32,28
33,25
34,34
35,28
36,33
37,37
38,20
39,27
40,42
41,19
42,37
43,34
44,21
45,38
46,37
47,22
48,35
49,46
50,40
51,41
52,29
53,27
54,35
55,49
56,32
57,51
58,22
59,42
60,26
61,56
62,29
63,56
64,44
65,61
66,62
67,25
68,53
69,51
70,46
71,28
72,56
73,55
74,46
75,35
76,31
77,39
78,34
79,40
80,50
81,71
82,61
83,58
84,38
85,74
86,54
87,42
88,57
89,56
90,59
91,77
92,68
93,36
94,49
95,74
96,55
97,31
98,51
99,33
100,83
